angry_cn_1.jpg,0,angry,CHINESE
angry_cn_10.jpg,0,angry,CHINESE
angry_cn_100.jpg,0,angry,CHINESE
angry_cn_101.jpg,0,angry,CHINESE
angry_cn_102.jpg,0,angry,CHINESE
angry_cn_103.jpg,0,angry,CHINESE
angry_cn_104.jpg,0,angry,CHINESE
angry_cn_105.jpg,0,angry,CHINESE
angry_cn_106.jpg,0,angry,CHINESE
angry_cn_107.jpg,0,angry,CHINESE
angry_cn_108.jpg,0,angry,CHINESE
angry_cn_109.jpg,0,angry,CHINESE
angry_cn_11.jpg,0,angry,CHINESE
angry_cn_110.jpg,0,angry,CHINESE
angry_cn_111.jpg,0,angry,CHINESE
angry_cn_112.jpg,0,angry,CHINESE
angry_cn_113.jpg,0,angry,CHINESE
angry_cn_114.jpg,0,angry,CHINESE
angry_cn_115.jpg,0,angry,CHINESE
angry_cn_116.jpg,0,angry,CHINESE
angry_cn_117.jpg,0,angry,CHINESE
angry_cn_118.jpg,0,angry,CHINESE
angry_cn_119.jpg,0,angry,CHINESE
angry_cn_12.jpg,0,angry,CHINESE
angry_cn_120.jpg,0,angry,CHINESE
angry_cn_121.jpg,0,angry,CHINESE
angry_cn_122.jpg,0,angry,CHINESE
angry_cn_123.jpg,0,angry,CHINESE
angry_cn_124.jpg,0,angry,CHINESE
angry_cn_125.jpg,0,angry,CHINESE
angry_cn_126.jpg,0,angry,CHINESE
angry_cn_127.jpg,0,angry,CHINESE
angry_cn_128.jpg,0,angry,CHINESE
angry_cn_129.jpg,0,angry,CHINESE
angry_cn_13.jpg,0,angry,CHINESE
angry_cn_130.jpg,0,angry,CHINESE
angry_cn_131.jpg,0,angry,CHINESE
angry_cn_132.jpg,0,angry,CHINESE
angry_cn_133.jpg,0,angry,CHINESE
angry_cn_134.jpg,0,angry,CHINESE
angry_cn_135.jpg,0,angry,CHINESE
angry_cn_136.jpg,0,angry,CHINESE
angry_cn_137.jpg,0,angry,CHINESE
angry_cn_138.jpg,0,angry,CHINESE
angry_cn_139.jpg,0,angry,CHINESE
angry_cn_14.jpg,0,angry,CHINESE
angry_cn_140.jpg,0,angry,CHINESE
angry_cn_141.jpg,0,angry,CHINESE
angry_cn_142.jpg,0,angry,CHINESE
angry_cn_143.jpg,0,angry,CHINESE
angry_cn_144.jpg,0,angry,CHINESE
angry_cn_145.jpg,0,angry,CHINESE
angry_cn_146.jpg,0,angry,CHINESE
angry_cn_147.jpg,0,angry,CHINESE
angry_cn_148.jpg,0,angry,CHINESE
angry_cn_149.jpg,0,angry,CHINESE
angry_cn_15.jpg,0,angry,CHINESE
angry_cn_150.jpg,0,angry,CHINESE
angry_cn_151.jpg,0,angry,CHINESE
angry_cn_152.jpg,0,angry,CHINESE
angry_cn_153.jpg,0,angry,CHINESE
angry_cn_154.jpg,0,angry,CHINESE
angry_cn_155.jpg,0,angry,CHINESE
angry_cn_156.jpg,0,angry,CHINESE
angry_cn_157.jpg,0,angry,CHINESE
angry_cn_158.jpg,0,angry,CHINESE
angry_cn_159.jpg,0,angry,CHINESE
angry_cn_16.jpg,0,angry,CHINESE
angry_cn_160.jpg,0,angry,CHINESE
angry_cn_161.jpg,0,angry,CHINESE
angry_cn_162.jpg,0,angry,CHINESE
angry_cn_163.jpg,0,angry,CHINESE
angry_cn_164.jpg,0,angry,CHINESE
angry_cn_165.jpg,0,angry,CHINESE
angry_cn_166.jpg,0,angry,CHINESE
angry_cn_167.jpg,0,angry,CHINESE
angry_cn_168.jpg,0,angry,CHINESE
angry_cn_169.jpg,0,angry,CHINESE
angry_cn_17.jpg,0,angry,CHINESE
angry_cn_170.jpg,0,angry,CHINESE
angry_cn_171.jpg,0,angry,CHINESE
angry_cn_172.jpg,0,angry,CHINESE
angry_cn_173.jpg,0,angry,CHINESE
angry_cn_174.jpg,0,angry,CHINESE
angry_cn_175.jpg,0,angry,CHINESE
angry_cn_176.jpg,0,angry,CHINESE
angry_cn_177.jpg,0,angry,CHINESE
angry_cn_178.jpg,0,angry,CHINESE
angry_cn_179.jpg,0,angry,CHINESE
angry_cn_18.jpg,0,angry,CHINESE
angry_cn_180.jpg,0,angry,CHINESE
angry_cn_181.jpg,0,angry,CHINESE
angry_cn_182.jpg,0,angry,CHINESE
angry_cn_183.jpg,0,angry,CHINESE
angry_cn_184.jpg,0,angry,CHINESE
angry_cn_185.jpg,0,angry,CHINESE
angry_cn_186.jpg,0,angry,CHINESE
angry_cn_187.jpg,0,angry,CHINESE
angry_cn_188.jpg,0,angry,CHINESE
angry_cn_189.jpg,0,angry,CHINESE
angry_cn_19.jpg,0,angry,CHINESE
angry_cn_190.jpg,0,angry,CHINESE
angry_cn_191.jpg,0,angry,CHINESE
angry_cn_192.jpg,0,angry,CHINESE
angry_cn_193.jpg,0,angry,CHINESE
angry_cn_194.jpg,0,angry,CHINESE
angry_cn_195.jpg,0,angry,CHINESE
angry_cn_196.jpg,0,angry,CHINESE
angry_cn_197.jpg,0,angry,CHINESE
angry_cn_198.jpg,0,angry,CHINESE
angry_cn_199.jpg,0,angry,CHINESE
angry_cn_2.jpg,0,angry,CHINESE
angry_cn_20.jpg,0,angry,CHINESE
angry_cn_200.jpg,0,angry,CHINESE
angry_cn_201.jpg,0,angry,CHINESE
angry_cn_202.jpg,0,angry,CHINESE
angry_cn_203.jpg,0,angry,CHINESE
angry_cn_204.jpg,0,angry,CHINESE
angry_cn_205.jpg,0,angry,CHINESE
angry_cn_206.jpg,0,angry,CHINESE
angry_cn_207.jpg,0,angry,CHINESE
angry_cn_208.jpg,0,angry,CHINESE
angry_cn_209.jpg,0,angry,CHINESE
angry_cn_21.jpg,0,angry,CHINESE
angry_cn_210.jpg,0,angry,CHINESE
angry_cn_211.jpg,0,angry,CHINESE
angry_cn_212.jpg,0,angry,CHINESE
angry_cn_213.jpg,0,angry,CHINESE
angry_cn_214.jpg,0,angry,CHINESE
angry_cn_215.jpg,0,angry,CHINESE
angry_cn_216.jpg,0,angry,CHINESE
angry_cn_217.jpg,0,angry,CHINESE
angry_cn_218.jpg,0,angry,CHINESE
angry_cn_219.jpg,0,angry,CHINESE
angry_cn_22.jpg,0,angry,CHINESE
angry_cn_220.jpg,0,angry,CHINESE
angry_cn_221.jpg,0,angry,CHINESE
angry_cn_222.jpg,0,angry,CHINESE
angry_cn_223.jpg,0,angry,CHINESE
angry_cn_224.jpg,0,angry,CHINESE
angry_cn_225.jpg,0,angry,CHINESE
angry_cn_226.jpg,0,angry,CHINESE
angry_cn_227.jpg,0,angry,CHINESE
angry_cn_228.jpg,0,angry,CHINESE
angry_cn_229.jpg,0,angry,CHINESE
angry_cn_23.jpg,0,angry,CHINESE
angry_cn_230.jpg,0,angry,CHINESE
angry_cn_231.jpg,0,angry,CHINESE
angry_cn_232.jpg,0,angry,CHINESE
angry_cn_233.jpg,0,angry,CHINESE
angry_cn_234.jpg,0,angry,CHINESE
angry_cn_235.jpg,0,angry,CHINESE
angry_cn_236.jpg,0,angry,CHINESE
angry_cn_237.jpg,0,angry,CHINESE
angry_cn_238.jpg,0,angry,CHINESE
angry_cn_239.jpg,0,angry,CHINESE
angry_cn_24.jpg,0,angry,CHINESE
angry_cn_240.jpg,0,angry,CHINESE
angry_cn_241.jpg,0,angry,CHINESE
angry_cn_242.jpg,0,angry,CHINESE
angry_cn_243.jpg,0,angry,CHINESE
angry_cn_244.jpg,0,angry,CHINESE
angry_cn_245.jpg,0,angry,CHINESE
angry_cn_246.jpg,0,angry,CHINESE
angry_cn_247.jpg,0,angry,CHINESE
angry_cn_248.jpg,0,angry,CHINESE
angry_cn_249.jpg,0,angry,CHINESE
angry_cn_25.jpg,0,angry,CHINESE
angry_cn_250.jpg,0,angry,CHINESE
angry_cn_251.jpg,0,angry,CHINESE
angry_cn_252.jpg,0,angry,CHINESE
angry_cn_253.jpg,0,angry,CHINESE
angry_cn_254.jpg,0,angry,CHINESE
angry_cn_255.jpg,0,angry,CHINESE
angry_cn_256.jpg,0,angry,CHINESE
angry_cn_257.jpg,0,angry,CHINESE
angry_cn_258.jpg,0,angry,CHINESE
angry_cn_259.jpg,0,angry,CHINESE
angry_cn_26.jpg,0,angry,CHINESE
angry_cn_260.jpg,0,angry,CHINESE
angry_cn_261.jpg,0,angry,CHINESE
angry_cn_262.jpg,0,angry,CHINESE
angry_cn_263.jpg,0,angry,CHINESE
angry_cn_264.jpg,0,angry,CHINESE
angry_cn_265.jpg,0,angry,CHINESE
angry_cn_266.jpg,0,angry,CHINESE
angry_cn_267.jpg,0,angry,CHINESE
angry_cn_268.jpg,0,angry,CHINESE
angry_cn_269.jpg,0,angry,CHINESE
angry_cn_27.jpg,0,angry,CHINESE
angry_cn_270.jpg,0,angry,CHINESE
angry_cn_271.jpg,0,angry,CHINESE
angry_cn_272.jpg,0,angry,CHINESE
angry_cn_273.jpg,0,angry,CHINESE
angry_cn_274.jpg,0,angry,CHINESE
angry_cn_275.jpg,0,angry,CHINESE
angry_cn_276.jpg,0,angry,CHINESE
angry_cn_277.jpg,0,angry,CHINESE
angry_cn_278.jpg,0,angry,CHINESE
angry_cn_279.jpg,0,angry,CHINESE
angry_cn_28.jpg,0,angry,CHINESE
angry_cn_280.jpg,0,angry,CHINESE
angry_cn_281.jpg,0,angry,CHINESE
angry_cn_282.jpg,0,angry,CHINESE
angry_cn_283.jpg,0,angry,CHINESE
angry_cn_284.jpg,0,angry,CHINESE
angry_cn_285.jpg,0,angry,CHINESE
angry_cn_286.jpg,0,angry,CHINESE
angry_cn_287.jpg,0,angry,CHINESE
angry_cn_288.jpg,0,angry,CHINESE
angry_cn_289.jpg,0,angry,CHINESE
angry_cn_29.jpg,0,angry,CHINESE
angry_cn_290.jpg,0,angry,CHINESE
angry_cn_291.jpg,0,angry,CHINESE
angry_cn_292.jpg,0,angry,CHINESE
angry_cn_293.jpg,0,angry,CHINESE
angry_cn_294.jpg,0,angry,CHINESE
angry_cn_295.jpg,0,angry,CHINESE
angry_cn_296.jpg,0,angry,CHINESE
angry_cn_297.jpg,0,angry,CHINESE
angry_cn_298.jpg,0,angry,CHINESE
angry_cn_299.jpg,0,angry,CHINESE
angry_cn_3.jpg,0,angry,CHINESE
angry_cn_30.jpg,0,angry,CHINESE
angry_cn_300.jpg,0,angry,CHINESE
angry_cn_301.jpg,0,angry,CHINESE
angry_cn_302.jpg,0,angry,CHINESE
angry_cn_303.jpg,0,angry,CHINESE
angry_cn_304.jpg,0,angry,CHINESE
angry_cn_305.jpg,0,angry,CHINESE
angry_cn_306.jpg,0,angry,CHINESE
angry_cn_307.jpg,0,angry,CHINESE
angry_cn_308.jpg,0,angry,CHINESE
angry_cn_309.jpg,0,angry,CHINESE
angry_cn_31.jpg,0,angry,CHINESE
angry_cn_310.jpg,0,angry,CHINESE
angry_cn_311.jpg,0,angry,CHINESE
angry_cn_312.jpg,0,angry,CHINESE
angry_cn_313.jpg,0,angry,CHINESE
angry_cn_314.jpg,0,angry,CHINESE
angry_cn_32.jpg,0,angry,CHINESE
angry_cn_33.jpg,0,angry,CHINESE
angry_cn_34.jpg,0,angry,CHINESE
angry_cn_35.jpg,0,angry,CHINESE
angry_cn_36.jpg,0,angry,CHINESE
angry_cn_37.jpg,0,angry,CHINESE
angry_cn_38.jpg,0,angry,CHINESE
angry_cn_39.jpg,0,angry,CHINESE
angry_cn_4.jpg,0,angry,CHINESE
angry_cn_40.jpg,0,angry,CHINESE
angry_cn_41.jpg,0,angry,CHINESE
angry_cn_42.jpg,0,angry,CHINESE
angry_cn_43.jpg,0,angry,CHINESE
angry_cn_44.jpg,0,angry,CHINESE
angry_cn_45.jpg,0,angry,CHINESE
angry_cn_46.jpg,0,angry,CHINESE
angry_cn_47.jpg,0,angry,CHINESE
angry_cn_48.jpg,0,angry,CHINESE
angry_cn_49.jpg,0,angry,CHINESE
angry_cn_5.jpg,0,angry,CHINESE
angry_cn_50.jpg,0,angry,CHINESE
angry_cn_51.jpg,0,angry,CHINESE
angry_cn_52.jpg,0,angry,CHINESE
angry_cn_53.jpg,0,angry,CHINESE
angry_cn_54.jpg,0,angry,CHINESE
angry_cn_55.jpg,0,angry,CHINESE
angry_cn_56.jpg,0,angry,CHINESE
angry_cn_57.jpg,0,angry,CHINESE
angry_cn_58.jpg,0,angry,CHINESE
angry_cn_59.jpg,0,angry,CHINESE
angry_cn_6.jpg,0,angry,CHINESE
angry_cn_60.jpg,0,angry,CHINESE
angry_cn_61.jpg,0,angry,CHINESE
angry_cn_62.jpg,0,angry,CHINESE
angry_cn_63.jpg,0,angry,CHINESE
angry_cn_64.jpg,0,angry,CHINESE
angry_cn_65.jpg,0,angry,CHINESE
angry_cn_66.jpg,0,angry,CHINESE
angry_cn_67.jpg,0,angry,CHINESE
angry_cn_68.jpg,0,angry,CHINESE
angry_cn_69.jpg,0,angry,CHINESE
angry_cn_7.jpg,0,angry,CHINESE
angry_cn_70.jpg,0,angry,CHINESE
angry_cn_71.jpg,0,angry,CHINESE
angry_cn_72.jpg,0,angry,CHINESE
angry_cn_73.jpg,0,angry,CHINESE
angry_cn_74.jpg,0,angry,CHINESE
angry_cn_75.jpg,0,angry,CHINESE
angry_cn_76.jpg,0,angry,CHINESE
angry_cn_77.jpg,0,angry,CHINESE
angry_cn_78.jpg,0,angry,CHINESE
angry_cn_79.jpg,0,angry,CHINESE
angry_cn_8.jpg,0,angry,CHINESE
angry_cn_80.jpg,0,angry,CHINESE
angry_cn_81.jpg,0,angry,CHINESE
angry_cn_82.jpg,0,angry,CHINESE
angry_cn_83.jpg,0,angry,CHINESE
angry_cn_84.jpg,0,angry,CHINESE
angry_cn_85.jpg,0,angry,CHINESE
angry_cn_86.jpg,0,angry,CHINESE
angry_cn_87.jpg,0,angry,CHINESE
angry_cn_88.jpg,0,angry,CHINESE
angry_cn_89.jpg,0,angry,CHINESE
angry_cn_9.jpg,0,angry,CHINESE
angry_cn_90.jpg,0,angry,CHINESE
angry_cn_91.jpg,0,angry,CHINESE
angry_cn_92.jpg,0,angry,CHINESE
angry_cn_93.jpg,0,angry,CHINESE
angry_cn_94.jpg,0,angry,CHINESE
angry_cn_95.jpg,0,angry,CHINESE
angry_cn_96.jpg,0,angry,CHINESE
angry_cn_97.jpg,0,angry,CHINESE
angry_cn_98.jpg,0,angry,CHINESE
angry_cn_99.jpg,0,angry,CHINESE
happy_cn_1.jpg,1,happy,CHINESE
happy_cn_10.jpg,1,happy,CHINESE
happy_cn_100.jpg,1,happy,CHINESE
happy_cn_101.jpg,1,happy,CHINESE
happy_cn_102.jpg,1,happy,CHINESE
happy_cn_103.jpg,1,happy,CHINESE
happy_cn_104.jpg,1,happy,CHINESE
happy_cn_105.jpg,1,happy,CHINESE
happy_cn_106.jpg,1,happy,CHINESE
happy_cn_107.jpg,1,happy,CHINESE
happy_cn_108.jpg,1,happy,CHINESE
happy_cn_109.jpg,1,happy,CHINESE
happy_cn_11.jpg,1,happy,CHINESE
happy_cn_110.jpg,1,happy,CHINESE
happy_cn_111.jpg,1,happy,CHINESE
happy_cn_112.jpg,1,happy,CHINESE
happy_cn_113.jpg,1,happy,CHINESE
happy_cn_114.jpg,1,happy,CHINESE
happy_cn_115.jpg,1,happy,CHINESE
happy_cn_116.jpg,1,happy,CHINESE
happy_cn_117.jpg,1,happy,CHINESE
happy_cn_118.jpg,1,happy,CHINESE
happy_cn_119.jpg,1,happy,CHINESE
happy_cn_12.jpg,1,happy,CHINESE
happy_cn_120.jpg,1,happy,CHINESE
happy_cn_121.jpg,1,happy,CHINESE
happy_cn_122.jpg,1,happy,CHINESE
happy_cn_123.jpg,1,happy,CHINESE
happy_cn_124.jpg,1,happy,CHINESE
happy_cn_125.jpg,1,happy,CHINESE
happy_cn_126.jpg,1,happy,CHINESE
happy_cn_127.jpg,1,happy,CHINESE
happy_cn_128.jpg,1,happy,CHINESE
happy_cn_129.jpg,1,happy,CHINESE
happy_cn_13.jpg,1,happy,CHINESE
happy_cn_130.jpg,1,happy,CHINESE
happy_cn_131.jpg,1,happy,CHINESE
happy_cn_132.jpg,1,happy,CHINESE
happy_cn_133.jpg,1,happy,CHINESE
happy_cn_134.jpg,1,happy,CHINESE
happy_cn_135.jpg,1,happy,CHINESE
happy_cn_136.jpg,1,happy,CHINESE
happy_cn_137.jpg,1,happy,CHINESE
happy_cn_138.jpg,1,happy,CHINESE
happy_cn_139.jpg,1,happy,CHINESE
happy_cn_14.jpg,1,happy,CHINESE
happy_cn_140.jpg,1,happy,CHINESE
happy_cn_141.jpg,1,happy,CHINESE
happy_cn_142.jpg,1,happy,CHINESE
happy_cn_143.jpg,1,happy,CHINESE
happy_cn_144.jpg,1,happy,CHINESE
happy_cn_145.jpg,1,happy,CHINESE
happy_cn_146.jpg,1,happy,CHINESE
happy_cn_147.jpg,1,happy,CHINESE
happy_cn_148.jpg,1,happy,CHINESE
happy_cn_149.jpg,1,happy,CHINESE
happy_cn_15.jpg,1,happy,CHINESE
happy_cn_150.jpg,1,happy,CHINESE
happy_cn_151.jpg,1,happy,CHINESE
happy_cn_152.jpg,1,happy,CHINESE
happy_cn_153.jpg,1,happy,CHINESE
happy_cn_154.jpg,1,happy,CHINESE
happy_cn_155.jpg,1,happy,CHINESE
happy_cn_156.jpg,1,happy,CHINESE
happy_cn_157.jpg,1,happy,CHINESE
happy_cn_158.jpg,1,happy,CHINESE
happy_cn_159.jpg,1,happy,CHINESE
happy_cn_16.jpg,1,happy,CHINESE
happy_cn_160.jpg,1,happy,CHINESE
happy_cn_161.jpg,1,happy,CHINESE
happy_cn_162.jpg,1,happy,CHINESE
happy_cn_163.jpg,1,happy,CHINESE
happy_cn_164.jpg,1,happy,CHINESE
happy_cn_165.jpg,1,happy,CHINESE
happy_cn_166.jpg,1,happy,CHINESE
happy_cn_167.jpg,1,happy,CHINESE
happy_cn_168.jpg,1,happy,CHINESE
happy_cn_169.jpg,1,happy,CHINESE
happy_cn_17.jpg,1,happy,CHINESE
happy_cn_170.jpg,1,happy,CHINESE
happy_cn_171.jpg,1,happy,CHINESE
happy_cn_172.jpg,1,happy,CHINESE
happy_cn_173.jpg,1,happy,CHINESE
happy_cn_174.jpg,1,happy,CHINESE
happy_cn_175.jpg,1,happy,CHINESE
happy_cn_176.jpg,1,happy,CHINESE
happy_cn_177.jpg,1,happy,CHINESE
happy_cn_178.jpg,1,happy,CHINESE
happy_cn_179.jpg,1,happy,CHINESE
happy_cn_18.jpg,1,happy,CHINESE
happy_cn_180.jpg,1,happy,CHINESE
happy_cn_181.jpg,1,happy,CHINESE
happy_cn_182.jpg,1,happy,CHINESE
happy_cn_183.jpg,1,happy,CHINESE
happy_cn_184.jpg,1,happy,CHINESE
happy_cn_185.jpg,1,happy,CHINESE
happy_cn_186.jpg,1,happy,CHINESE
happy_cn_187.jpg,1,happy,CHINESE
happy_cn_188.jpg,1,happy,CHINESE
happy_cn_189.jpg,1,happy,CHINESE
happy_cn_19.jpg,1,happy,CHINESE
happy_cn_190.jpg,1,happy,CHINESE
happy_cn_191.jpg,1,happy,CHINESE
happy_cn_192.jpg,1,happy,CHINESE
happy_cn_193.jpg,1,happy,CHINESE
happy_cn_194.jpg,1,happy,CHINESE
happy_cn_195.jpg,1,happy,CHINESE
happy_cn_196.jpg,1,happy,CHINESE
happy_cn_197.jpg,1,happy,CHINESE
happy_cn_198.jpg,1,happy,CHINESE
happy_cn_199.jpg,1,happy,CHINESE
happy_cn_2.jpg,1,happy,CHINESE
happy_cn_20.jpg,1,happy,CHINESE
happy_cn_200.jpg,1,happy,CHINESE
happy_cn_201.jpg,1,happy,CHINESE
happy_cn_202.jpg,1,happy,CHINESE
happy_cn_203.jpg,1,happy,CHINESE
happy_cn_204.jpg,1,happy,CHINESE
happy_cn_205.jpg,1,happy,CHINESE
happy_cn_206.jpg,1,happy,CHINESE
happy_cn_207.jpg,1,happy,CHINESE
happy_cn_208.jpg,1,happy,CHINESE
happy_cn_209.jpg,1,happy,CHINESE
happy_cn_21.jpg,1,happy,CHINESE
happy_cn_210.jpg,1,happy,CHINESE
happy_cn_211.jpg,1,happy,CHINESE
happy_cn_212.jpg,1,happy,CHINESE
happy_cn_213.jpg,1,happy,CHINESE
happy_cn_214.jpg,1,happy,CHINESE
happy_cn_215.jpg,1,happy,CHINESE
happy_cn_216.jpg,1,happy,CHINESE
happy_cn_217.jpg,1,happy,CHINESE
happy_cn_218.jpg,1,happy,CHINESE
happy_cn_219.jpg,1,happy,CHINESE
happy_cn_22.jpg,1,happy,CHINESE
happy_cn_220.jpg,1,happy,CHINESE
happy_cn_221.jpg,1,happy,CHINESE
happy_cn_222.jpg,1,happy,CHINESE
happy_cn_223.jpg,1,happy,CHINESE
happy_cn_224.jpg,1,happy,CHINESE
happy_cn_225.jpg,1,happy,CHINESE
happy_cn_226.jpg,1,happy,CHINESE
happy_cn_227.jpg,1,happy,CHINESE
happy_cn_228.jpg,1,happy,CHINESE
happy_cn_229.jpg,1,happy,CHINESE
happy_cn_23.jpg,1,happy,CHINESE
happy_cn_230.jpg,1,happy,CHINESE
happy_cn_231.jpg,1,happy,CHINESE
happy_cn_232.jpg,1,happy,CHINESE
happy_cn_233.jpg,1,happy,CHINESE
happy_cn_234.jpg,1,happy,CHINESE
happy_cn_235.jpg,1,happy,CHINESE
happy_cn_236.jpg,1,happy,CHINESE
happy_cn_237.jpg,1,happy,CHINESE
happy_cn_238.jpg,1,happy,CHINESE
happy_cn_239.jpg,1,happy,CHINESE
happy_cn_24.jpg,1,happy,CHINESE
happy_cn_240.jpg,1,happy,CHINESE
happy_cn_241.jpg,1,happy,CHINESE
happy_cn_242.jpg,1,happy,CHINESE
happy_cn_243.jpg,1,happy,CHINESE
happy_cn_244.jpg,1,happy,CHINESE
happy_cn_245.jpg,1,happy,CHINESE
happy_cn_246.jpg,1,happy,CHINESE
happy_cn_247.jpg,1,happy,CHINESE
happy_cn_248.jpg,1,happy,CHINESE
happy_cn_249.jpg,1,happy,CHINESE
happy_cn_25.jpg,1,happy,CHINESE
happy_cn_250.jpg,1,happy,CHINESE
happy_cn_251.jpg,1,happy,CHINESE
happy_cn_252.jpg,1,happy,CHINESE
happy_cn_253.jpg,1,happy,CHINESE
happy_cn_254.jpg,1,happy,CHINESE
happy_cn_255.jpg,1,happy,CHINESE
happy_cn_256.jpg,1,happy,CHINESE
happy_cn_257.jpg,1,happy,CHINESE
happy_cn_258.jpg,1,happy,CHINESE
happy_cn_259.jpg,1,happy,CHINESE
happy_cn_26.jpg,1,happy,CHINESE
happy_cn_260.jpg,1,happy,CHINESE
happy_cn_261.jpg,1,happy,CHINESE
happy_cn_262.jpg,1,happy,CHINESE
happy_cn_263.jpg,1,happy,CHINESE
happy_cn_264.jpg,1,happy,CHINESE
happy_cn_265.jpg,1,happy,CHINESE
happy_cn_266.jpg,1,happy,CHINESE
happy_cn_267.jpg,1,happy,CHINESE
happy_cn_268.jpg,1,happy,CHINESE
happy_cn_269.jpg,1,happy,CHINESE
happy_cn_27.jpg,1,happy,CHINESE
happy_cn_270.jpg,1,happy,CHINESE
happy_cn_271.jpg,1,happy,CHINESE
happy_cn_272.jpg,1,happy,CHINESE
happy_cn_273.jpg,1,happy,CHINESE
happy_cn_274.jpg,1,happy,CHINESE
happy_cn_275.jpg,1,happy,CHINESE
happy_cn_276.jpg,1,happy,CHINESE
happy_cn_277.jpg,1,happy,CHINESE
happy_cn_278.jpg,1,happy,CHINESE
happy_cn_279.jpg,1,happy,CHINESE
happy_cn_28.jpg,1,happy,CHINESE
happy_cn_280.jpg,1,happy,CHINESE
happy_cn_281.jpg,1,happy,CHINESE
happy_cn_282.jpg,1,happy,CHINESE
happy_cn_283.jpg,1,happy,CHINESE
happy_cn_284.jpg,1,happy,CHINESE
happy_cn_285.jpg,1,happy,CHINESE
happy_cn_286.jpg,1,happy,CHINESE
happy_cn_287.jpg,1,happy,CHINESE
happy_cn_288.jpg,1,happy,CHINESE
happy_cn_289.jpg,1,happy,CHINESE
happy_cn_29.jpg,1,happy,CHINESE
happy_cn_3.jpg,1,happy,CHINESE
happy_cn_30.jpg,1,happy,CHINESE
happy_cn_31.jpg,1,happy,CHINESE
happy_cn_32.jpg,1,happy,CHINESE
happy_cn_33.jpg,1,happy,CHINESE
happy_cn_34.jpg,1,happy,CHINESE
happy_cn_35.jpg,1,happy,CHINESE
happy_cn_36.jpg,1,happy,CHINESE
happy_cn_37.jpg,1,happy,CHINESE
happy_cn_38.jpg,1,happy,CHINESE
happy_cn_39.jpg,1,happy,CHINESE
happy_cn_4.jpg,1,happy,CHINESE
happy_cn_40.jpg,1,happy,CHINESE
happy_cn_41.jpg,1,happy,CHINESE
happy_cn_42.jpg,1,happy,CHINESE
happy_cn_43.jpg,1,happy,CHINESE
happy_cn_44.jpg,1,happy,CHINESE
happy_cn_45.jpg,1,happy,CHINESE
happy_cn_46.jpg,1,happy,CHINESE
happy_cn_47.jpg,1,happy,CHINESE
happy_cn_48.jpg,1,happy,CHINESE
happy_cn_49.jpg,1,happy,CHINESE
happy_cn_5.jpg,1,happy,CHINESE
happy_cn_50.jpg,1,happy,CHINESE
happy_cn_51.jpg,1,happy,CHINESE
happy_cn_52.jpg,1,happy,CHINESE
happy_cn_53.jpg,1,happy,CHINESE
happy_cn_54.jpg,1,happy,CHINESE
happy_cn_55.jpg,1,happy,CHINESE
happy_cn_56.jpg,1,happy,CHINESE
happy_cn_57.jpg,1,happy,CHINESE
happy_cn_58.jpg,1,happy,CHINESE
happy_cn_59.jpg,1,happy,CHINESE
happy_cn_6.jpg,1,happy,CHINESE
happy_cn_60.jpg,1,happy,CHINESE
happy_cn_61.jpg,1,happy,CHINESE
happy_cn_62.jpg,1,happy,CHINESE
happy_cn_63.jpg,1,happy,CHINESE
happy_cn_64.jpg,1,happy,CHINESE
happy_cn_65.jpg,1,happy,CHINESE
happy_cn_66.jpg,1,happy,CHINESE
happy_cn_67.jpg,1,happy,CHINESE
happy_cn_68.jpg,1,happy,CHINESE
happy_cn_69.jpg,1,happy,CHINESE
happy_cn_7.jpg,1,happy,CHINESE
happy_cn_70.jpg,1,happy,CHINESE
happy_cn_71.jpg,1,happy,CHINESE
happy_cn_72.jpg,1,happy,CHINESE
happy_cn_73.jpg,1,happy,CHINESE
happy_cn_74.jpg,1,happy,CHINESE
happy_cn_75.jpg,1,happy,CHINESE
happy_cn_76.jpg,1,happy,CHINESE
happy_cn_77.jpg,1,happy,CHINESE
happy_cn_78.jpg,1,happy,CHINESE
happy_cn_79.jpg,1,happy,CHINESE
happy_cn_8.jpg,1,happy,CHINESE
happy_cn_80.jpg,1,happy,CHINESE
happy_cn_81.jpg,1,happy,CHINESE
happy_cn_82.jpg,1,happy,CHINESE
happy_cn_83.jpg,1,happy,CHINESE
happy_cn_84.jpg,1,happy,CHINESE
happy_cn_85.jpg,1,happy,CHINESE
happy_cn_86.jpg,1,happy,CHINESE
happy_cn_87.jpg,1,happy,CHINESE
happy_cn_88.jpg,1,happy,CHINESE
happy_cn_89.jpg,1,happy,CHINESE
happy_cn_9.jpg,1,happy,CHINESE
happy_cn_90.jpg,1,happy,CHINESE
happy_cn_91.jpg,1,happy,CHINESE
happy_cn_92.jpg,1,happy,CHINESE
happy_cn_93.jpg,1,happy,CHINESE
happy_cn_94.jpg,1,happy,CHINESE
happy_cn_95.jpg,1,happy,CHINESE
happy_cn_96.jpg,1,happy,CHINESE
happy_cn_97.jpg,1,happy,CHINESE
happy_cn_98.jpg,1,happy,CHINESE
happy_cn_99.jpg,1,happy,CHINESE
neutral_cn_1.jpg,2,neutral,CHINESE
neutral_cn_10.jpg,2,neutral,CHINESE
neutral_cn_100.jpg,2,neutral,CHINESE
neutral_cn_101.jpg,2,neutral,CHINESE
neutral_cn_102.jpg,2,neutral,CHINESE
neutral_cn_103.jpg,2,neutral,CHINESE
neutral_cn_104.jpg,2,neutral,CHINESE
neutral_cn_105.jpg,2,neutral,CHINESE
neutral_cn_106.jpg,2,neutral,CHINESE
neutral_cn_107.jpg,2,neutral,CHINESE
neutral_cn_108.jpg,2,neutral,CHINESE
neutral_cn_109.jpg,2,neutral,CHINESE
neutral_cn_11.jpg,2,neutral,CHINESE
neutral_cn_110.jpg,2,neutral,CHINESE
neutral_cn_111.jpg,2,neutral,CHINESE
neutral_cn_112.jpg,2,neutral,CHINESE
neutral_cn_113.jpg,2,neutral,CHINESE
neutral_cn_114.jpg,2,neutral,CHINESE
neutral_cn_115.jpg,2,neutral,CHINESE
neutral_cn_116.jpg,2,neutral,CHINESE
neutral_cn_117.jpg,2,neutral,CHINESE
neutral_cn_118.jpg,2,neutral,CHINESE
neutral_cn_119.jpg,2,neutral,CHINESE
neutral_cn_12.jpg,2,neutral,CHINESE
neutral_cn_120.jpg,2,neutral,CHINESE
neutral_cn_121.jpg,2,neutral,CHINESE
neutral_cn_122.jpg,2,neutral,CHINESE
neutral_cn_123.jpg,2,neutral,CHINESE
neutral_cn_124.jpg,2,neutral,CHINESE
neutral_cn_125.jpg,2,neutral,CHINESE
neutral_cn_126.jpg,2,neutral,CHINESE
neutral_cn_127.jpg,2,neutral,CHINESE
neutral_cn_128.jpg,2,neutral,CHINESE
neutral_cn_129.jpg,2,neutral,CHINESE
neutral_cn_13.jpg,2,neutral,CHINESE
neutral_cn_130.jpg,2,neutral,CHINESE
neutral_cn_131.jpg,2,neutral,CHINESE
neutral_cn_132.jpg,2,neutral,CHINESE
neutral_cn_133.jpg,2,neutral,CHINESE
neutral_cn_134.jpg,2,neutral,CHINESE
neutral_cn_135.jpg,2,neutral,CHINESE
neutral_cn_136.jpg,2,neutral,CHINESE
neutral_cn_137.jpg,2,neutral,CHINESE
neutral_cn_138.jpg,2,neutral,CHINESE
neutral_cn_139.jpg,2,neutral,CHINESE
neutral_cn_14.jpg,2,neutral,CHINESE
neutral_cn_140.jpg,2,neutral,CHINESE
neutral_cn_141.jpg,2,neutral,CHINESE
neutral_cn_142.jpg,2,neutral,CHINESE
neutral_cn_143.jpg,2,neutral,CHINESE
neutral_cn_144.jpg,2,neutral,CHINESE
neutral_cn_145.jpg,2,neutral,CHINESE
neutral_cn_146.jpg,2,neutral,CHINESE
neutral_cn_147.jpg,2,neutral,CHINESE
neutral_cn_148.jpg,2,neutral,CHINESE
neutral_cn_149.jpg,2,neutral,CHINESE
neutral_cn_15.jpg,2,neutral,CHINESE
neutral_cn_150.jpg,2,neutral,CHINESE
neutral_cn_151.jpg,2,neutral,CHINESE
neutral_cn_152.jpg,2,neutral,CHINESE
neutral_cn_153.jpg,2,neutral,CHINESE
neutral_cn_154.jpg,2,neutral,CHINESE
neutral_cn_155.jpg,2,neutral,CHINESE
neutral_cn_156.jpg,2,neutral,CHINESE
neutral_cn_157.jpg,2,neutral,CHINESE
neutral_cn_158.jpg,2,neutral,CHINESE
neutral_cn_159.jpg,2,neutral,CHINESE
neutral_cn_16.jpg,2,neutral,CHINESE
neutral_cn_160.jpg,2,neutral,CHINESE
neutral_cn_161.jpg,2,neutral,CHINESE
neutral_cn_162.jpg,2,neutral,CHINESE
neutral_cn_163.jpg,2,neutral,CHINESE
neutral_cn_164.jpg,2,neutral,CHINESE
neutral_cn_165.jpg,2,neutral,CHINESE
neutral_cn_166.jpg,2,neutral,CHINESE
neutral_cn_167.jpg,2,neutral,CHINESE
neutral_cn_168.jpg,2,neutral,CHINESE
neutral_cn_169.jpg,2,neutral,CHINESE
neutral_cn_17.jpg,2,neutral,CHINESE
neutral_cn_170.jpg,2,neutral,CHINESE
neutral_cn_171.jpg,2,neutral,CHINESE
neutral_cn_172.jpg,2,neutral,CHINESE
neutral_cn_173.jpg,2,neutral,CHINESE
neutral_cn_174.jpg,2,neutral,CHINESE
neutral_cn_175.jpg,2,neutral,CHINESE
neutral_cn_176.jpg,2,neutral,CHINESE
neutral_cn_177.jpg,2,neutral,CHINESE
neutral_cn_178.jpg,2,neutral,CHINESE
neutral_cn_179.jpg,2,neutral,CHINESE
neutral_cn_18.jpg,2,neutral,CHINESE
neutral_cn_180.jpg,2,neutral,CHINESE
neutral_cn_181.jpg,2,neutral,CHINESE
neutral_cn_182.jpg,2,neutral,CHINESE
neutral_cn_183.jpg,2,neutral,CHINESE
neutral_cn_184.jpg,2,neutral,CHINESE
neutral_cn_185.jpg,2,neutral,CHINESE
neutral_cn_186.jpg,2,neutral,CHINESE
neutral_cn_187.jpg,2,neutral,CHINESE
neutral_cn_188.jpg,2,neutral,CHINESE
neutral_cn_189.jpg,2,neutral,CHINESE
neutral_cn_19.jpg,2,neutral,CHINESE
neutral_cn_190.jpg,2,neutral,CHINESE
neutral_cn_191.jpg,2,neutral,CHINESE
neutral_cn_192.jpg,2,neutral,CHINESE
neutral_cn_193.jpg,2,neutral,CHINESE
neutral_cn_194.jpg,2,neutral,CHINESE
neutral_cn_195.jpg,2,neutral,CHINESE
neutral_cn_196.jpg,2,neutral,CHINESE
neutral_cn_197.jpg,2,neutral,CHINESE
neutral_cn_198.jpg,2,neutral,CHINESE
neutral_cn_199.jpg,2,neutral,CHINESE
neutral_cn_2.jpg,2,neutral,CHINESE
neutral_cn_20.jpg,2,neutral,CHINESE
neutral_cn_200.jpg,2,neutral,CHINESE
neutral_cn_201.jpg,2,neutral,CHINESE
neutral_cn_202.jpg,2,neutral,CHINESE
neutral_cn_203.jpg,2,neutral,CHINESE
neutral_cn_204.jpg,2,neutral,CHINESE
neutral_cn_205.jpg,2,neutral,CHINESE
neutral_cn_206.jpg,2,neutral,CHINESE
neutral_cn_207.jpg,2,neutral,CHINESE
neutral_cn_208.jpg,2,neutral,CHINESE
neutral_cn_209.jpg,2,neutral,CHINESE
neutral_cn_21.jpg,2,neutral,CHINESE
neutral_cn_210.jpg,2,neutral,CHINESE
neutral_cn_211.jpg,2,neutral,CHINESE
neutral_cn_212.jpg,2,neutral,CHINESE
neutral_cn_213.jpg,2,neutral,CHINESE
neutral_cn_214.jpg,2,neutral,CHINESE
neutral_cn_215.jpg,2,neutral,CHINESE
neutral_cn_216.jpg,2,neutral,CHINESE
neutral_cn_217.jpg,2,neutral,CHINESE
neutral_cn_218.jpg,2,neutral,CHINESE
neutral_cn_219.jpg,2,neutral,CHINESE
neutral_cn_22.jpg,2,neutral,CHINESE
neutral_cn_220.jpg,2,neutral,CHINESE
neutral_cn_221.jpg,2,neutral,CHINESE
neutral_cn_222.jpg,2,neutral,CHINESE
neutral_cn_223.jpg,2,neutral,CHINESE
neutral_cn_224.jpg,2,neutral,CHINESE
neutral_cn_225.jpg,2,neutral,CHINESE
neutral_cn_226.jpg,2,neutral,CHINESE
neutral_cn_227.jpg,2,neutral,CHINESE
neutral_cn_228.jpg,2,neutral,CHINESE
neutral_cn_229.jpg,2,neutral,CHINESE
neutral_cn_23.jpg,2,neutral,CHINESE
neutral_cn_230.jpg,2,neutral,CHINESE
neutral_cn_231.jpg,2,neutral,CHINESE
neutral_cn_232.jpg,2,neutral,CHINESE
neutral_cn_233.jpg,2,neutral,CHINESE
neutral_cn_234.jpg,2,neutral,CHINESE
neutral_cn_235.jpg,2,neutral,CHINESE
neutral_cn_236.jpg,2,neutral,CHINESE
neutral_cn_237.jpg,2,neutral,CHINESE
neutral_cn_238.jpg,2,neutral,CHINESE
neutral_cn_239.jpg,2,neutral,CHINESE
neutral_cn_24.jpg,2,neutral,CHINESE
neutral_cn_240.jpg,2,neutral,CHINESE
neutral_cn_241.jpg,2,neutral,CHINESE
neutral_cn_242.jpg,2,neutral,CHINESE
neutral_cn_243.jpg,2,neutral,CHINESE
neutral_cn_244.jpg,2,neutral,CHINESE
neutral_cn_245.jpg,2,neutral,CHINESE
neutral_cn_246.jpg,2,neutral,CHINESE
neutral_cn_247.jpg,2,neutral,CHINESE
neutral_cn_248.jpg,2,neutral,CHINESE
neutral_cn_249.jpg,2,neutral,CHINESE
neutral_cn_25.jpg,2,neutral,CHINESE
neutral_cn_250.jpg,2,neutral,CHINESE
neutral_cn_251.jpg,2,neutral,CHINESE
neutral_cn_252.jpg,2,neutral,CHINESE
neutral_cn_253.jpg,2,neutral,CHINESE
neutral_cn_254.jpg,2,neutral,CHINESE
neutral_cn_255.jpg,2,neutral,CHINESE
neutral_cn_256.jpg,2,neutral,CHINESE
neutral_cn_257.jpg,2,neutral,CHINESE
neutral_cn_258.jpg,2,neutral,CHINESE
neutral_cn_259.jpg,2,neutral,CHINESE
neutral_cn_26.jpg,2,neutral,CHINESE
neutral_cn_260.jpg,2,neutral,CHINESE
neutral_cn_261.jpg,2,neutral,CHINESE
neutral_cn_262.jpg,2,neutral,CHINESE
neutral_cn_263.jpg,2,neutral,CHINESE
neutral_cn_264.jpg,2,neutral,CHINESE
neutral_cn_265.jpg,2,neutral,CHINESE
neutral_cn_266.jpg,2,neutral,CHINESE
neutral_cn_267.jpg,2,neutral,CHINESE
neutral_cn_268.jpg,2,neutral,CHINESE
neutral_cn_269.jpg,2,neutral,CHINESE
neutral_cn_27.jpg,2,neutral,CHINESE
neutral_cn_270.jpg,2,neutral,CHINESE
neutral_cn_271.jpg,2,neutral,CHINESE
neutral_cn_272.jpg,2,neutral,CHINESE
neutral_cn_273.jpg,2,neutral,CHINESE
neutral_cn_274.jpg,2,neutral,CHINESE
neutral_cn_275.jpg,2,neutral,CHINESE
neutral_cn_276.jpg,2,neutral,CHINESE
neutral_cn_277.jpg,2,neutral,CHINESE
neutral_cn_278.jpg,2,neutral,CHINESE
neutral_cn_279.jpg,2,neutral,CHINESE
neutral_cn_28.jpg,2,neutral,CHINESE
neutral_cn_280.jpg,2,neutral,CHINESE
neutral_cn_281.jpg,2,neutral,CHINESE
neutral_cn_282.jpg,2,neutral,CHINESE
neutral_cn_283.jpg,2,neutral,CHINESE
neutral_cn_284.jpg,2,neutral,CHINESE
neutral_cn_285.jpg,2,neutral,CHINESE
neutral_cn_286.jpg,2,neutral,CHINESE
neutral_cn_287.jpg,2,neutral,CHINESE
neutral_cn_288.jpg,2,neutral,CHINESE
neutral_cn_289.jpg,2,neutral,CHINESE
neutral_cn_29.jpg,2,neutral,CHINESE
neutral_cn_290.jpg,2,neutral,CHINESE
neutral_cn_291.jpg,2,neutral,CHINESE
neutral_cn_292.jpg,2,neutral,CHINESE
neutral_cn_293.jpg,2,neutral,CHINESE
neutral_cn_294.jpg,2,neutral,CHINESE
neutral_cn_295.jpg,2,neutral,CHINESE
neutral_cn_296.jpg,2,neutral,CHINESE
neutral_cn_297.jpg,2,neutral,CHINESE
neutral_cn_298.jpg,2,neutral,CHINESE
neutral_cn_299.jpg,2,neutral,CHINESE
neutral_cn_3.jpg,2,neutral,CHINESE
neutral_cn_30.jpg,2,neutral,CHINESE
neutral_cn_300.jpg,2,neutral,CHINESE
neutral_cn_301.jpg,2,neutral,CHINESE
neutral_cn_302.jpg,2,neutral,CHINESE
neutral_cn_303.jpg,2,neutral,CHINESE
neutral_cn_304.jpg,2,neutral,CHINESE
neutral_cn_305.jpg,2,neutral,CHINESE
neutral_cn_306.jpg,2,neutral,CHINESE
neutral_cn_307.jpg,2,neutral,CHINESE
neutral_cn_308.jpg,2,neutral,CHINESE
neutral_cn_309.jpg,2,neutral,CHINESE
neutral_cn_31.jpg,2,neutral,CHINESE
neutral_cn_310.jpg,2,neutral,CHINESE
neutral_cn_311.jpg,2,neutral,CHINESE
neutral_cn_312.jpg,2,neutral,CHINESE
neutral_cn_313.jpg,2,neutral,CHINESE
neutral_cn_314.jpg,2,neutral,CHINESE
neutral_cn_315.jpg,2,neutral,CHINESE
neutral_cn_316.jpg,2,neutral,CHINESE
neutral_cn_317.jpg,2,neutral,CHINESE
neutral_cn_318.jpg,2,neutral,CHINESE
neutral_cn_319.jpg,2,neutral,CHINESE
neutral_cn_32.jpg,2,neutral,CHINESE
neutral_cn_320.jpg,2,neutral,CHINESE
neutral_cn_321.jpg,2,neutral,CHINESE
neutral_cn_322.jpg,2,neutral,CHINESE
neutral_cn_323.jpg,2,neutral,CHINESE
neutral_cn_324.jpg,2,neutral,CHINESE
neutral_cn_325.jpg,2,neutral,CHINESE
neutral_cn_326.jpg,2,neutral,CHINESE
neutral_cn_327.jpg,2,neutral,CHINESE
neutral_cn_328.jpg,2,neutral,CHINESE
neutral_cn_329.jpg,2,neutral,CHINESE
neutral_cn_33.jpg,2,neutral,CHINESE
neutral_cn_330.jpg,2,neutral,CHINESE
neutral_cn_331.jpg,2,neutral,CHINESE
neutral_cn_332.jpg,2,neutral,CHINESE
neutral_cn_333.jpg,2,neutral,CHINESE
neutral_cn_334.jpg,2,neutral,CHINESE
neutral_cn_335.jpg,2,neutral,CHINESE
neutral_cn_336.jpg,2,neutral,CHINESE
neutral_cn_337.jpg,2,neutral,CHINESE
neutral_cn_338.jpg,2,neutral,CHINESE
neutral_cn_339.jpg,2,neutral,CHINESE
neutral_cn_34.jpg,2,neutral,CHINESE
neutral_cn_340.jpg,2,neutral,CHINESE
neutral_cn_341.jpg,2,neutral,CHINESE
neutral_cn_342.jpg,2,neutral,CHINESE
neutral_cn_343.jpg,2,neutral,CHINESE
neutral_cn_344.jpg,2,neutral,CHINESE
neutral_cn_345.jpg,2,neutral,CHINESE
neutral_cn_346.jpg,2,neutral,CHINESE
neutral_cn_347.jpg,2,neutral,CHINESE
neutral_cn_348.jpg,2,neutral,CHINESE
neutral_cn_349.jpg,2,neutral,CHINESE
neutral_cn_35.jpg,2,neutral,CHINESE
neutral_cn_350.jpg,2,neutral,CHINESE
neutral_cn_351.jpg,2,neutral,CHINESE
neutral_cn_352.jpg,2,neutral,CHINESE
neutral_cn_353.jpg,2,neutral,CHINESE
neutral_cn_354.jpg,2,neutral,CHINESE
neutral_cn_355.jpg,2,neutral,CHINESE
neutral_cn_356.jpg,2,neutral,CHINESE
neutral_cn_357.jpg,2,neutral,CHINESE
neutral_cn_358.jpg,2,neutral,CHINESE
neutral_cn_359.jpg,2,neutral,CHINESE
neutral_cn_36.jpg,2,neutral,CHINESE
neutral_cn_360.jpg,2,neutral,CHINESE
neutral_cn_361.jpg,2,neutral,CHINESE
neutral_cn_362.jpg,2,neutral,CHINESE
neutral_cn_363.jpg,2,neutral,CHINESE
neutral_cn_364.jpg,2,neutral,CHINESE
neutral_cn_365.jpg,2,neutral,CHINESE
neutral_cn_366.jpg,2,neutral,CHINESE
neutral_cn_367.jpg,2,neutral,CHINESE
neutral_cn_368.jpg,2,neutral,CHINESE
neutral_cn_369.jpg,2,neutral,CHINESE
neutral_cn_37.jpg,2,neutral,CHINESE
neutral_cn_370.jpg,2,neutral,CHINESE
neutral_cn_371.jpg,2,neutral,CHINESE
neutral_cn_372.jpg,2,neutral,CHINESE
neutral_cn_373.jpg,2,neutral,CHINESE
neutral_cn_374.jpg,2,neutral,CHINESE
neutral_cn_375.jpg,2,neutral,CHINESE
neutral_cn_376.jpg,2,neutral,CHINESE
neutral_cn_377.jpg,2,neutral,CHINESE
neutral_cn_378.jpg,2,neutral,CHINESE
neutral_cn_379.jpg,2,neutral,CHINESE
neutral_cn_38.jpg,2,neutral,CHINESE
neutral_cn_380.jpg,2,neutral,CHINESE
neutral_cn_381.jpg,2,neutral,CHINESE
neutral_cn_382.jpg,2,neutral,CHINESE
neutral_cn_383.jpg,2,neutral,CHINESE
neutral_cn_384.jpg,2,neutral,CHINESE
neutral_cn_385.jpg,2,neutral,CHINESE
neutral_cn_386.jpg,2,neutral,CHINESE
neutral_cn_387.jpg,2,neutral,CHINESE
neutral_cn_388.jpg,2,neutral,CHINESE
neutral_cn_389.jpg,2,neutral,CHINESE
neutral_cn_39.jpg,2,neutral,CHINESE
neutral_cn_390.jpg,2,neutral,CHINESE
neutral_cn_391.jpg,2,neutral,CHINESE
neutral_cn_392.jpg,2,neutral,CHINESE
neutral_cn_393.jpg,2,neutral,CHINESE
neutral_cn_394.jpg,2,neutral,CHINESE
neutral_cn_395.jpg,2,neutral,CHINESE
neutral_cn_396.jpg,2,neutral,CHINESE
neutral_cn_397.jpg,2,neutral,CHINESE
neutral_cn_398.jpg,2,neutral,CHINESE
neutral_cn_399.jpg,2,neutral,CHINESE
neutral_cn_4.jpg,2,neutral,CHINESE
neutral_cn_40.jpg,2,neutral,CHINESE
neutral_cn_400.jpg,2,neutral,CHINESE
neutral_cn_401.jpg,2,neutral,CHINESE
neutral_cn_402.jpg,2,neutral,CHINESE
neutral_cn_403.jpg,2,neutral,CHINESE
neutral_cn_404.jpg,2,neutral,CHINESE
neutral_cn_405.jpg,2,neutral,CHINESE
neutral_cn_406.jpg,2,neutral,CHINESE
neutral_cn_407.jpg,2,neutral,CHINESE
neutral_cn_408.jpg,2,neutral,CHINESE
neutral_cn_409.jpg,2,neutral,CHINESE
neutral_cn_41.jpg,2,neutral,CHINESE
neutral_cn_410.jpg,2,neutral,CHINESE
neutral_cn_411.jpg,2,neutral,CHINESE
neutral_cn_412.jpg,2,neutral,CHINESE
neutral_cn_413.jpg,2,neutral,CHINESE
neutral_cn_414.jpg,2,neutral,CHINESE
neutral_cn_415.jpg,2,neutral,CHINESE
neutral_cn_416.jpg,2,neutral,CHINESE
neutral_cn_417.jpg,2,neutral,CHINESE
neutral_cn_418.jpg,2,neutral,CHINESE
neutral_cn_419.jpg,2,neutral,CHINESE
neutral_cn_42.jpg,2,neutral,CHINESE
neutral_cn_420.jpg,2,neutral,CHINESE
neutral_cn_421.jpg,2,neutral,CHINESE
neutral_cn_422.jpg,2,neutral,CHINESE
neutral_cn_423.jpg,2,neutral,CHINESE
neutral_cn_424.jpg,2,neutral,CHINESE
neutral_cn_425.jpg,2,neutral,CHINESE
neutral_cn_426.jpg,2,neutral,CHINESE
neutral_cn_427.jpg,2,neutral,CHINESE
neutral_cn_428.jpg,2,neutral,CHINESE
neutral_cn_429.jpg,2,neutral,CHINESE
neutral_cn_43.jpg,2,neutral,CHINESE
neutral_cn_430.jpg,2,neutral,CHINESE
neutral_cn_431.jpg,2,neutral,CHINESE
neutral_cn_432.jpg,2,neutral,CHINESE
neutral_cn_433.jpg,2,neutral,CHINESE
neutral_cn_434.jpg,2,neutral,CHINESE
neutral_cn_435.jpg,2,neutral,CHINESE
neutral_cn_44.jpg,2,neutral,CHINESE
neutral_cn_45.jpg,2,neutral,CHINESE
neutral_cn_46.jpg,2,neutral,CHINESE
neutral_cn_47.jpg,2,neutral,CHINESE
neutral_cn_48.jpg,2,neutral,CHINESE
neutral_cn_49.jpg,2,neutral,CHINESE
neutral_cn_5.jpg,2,neutral,CHINESE
neutral_cn_50.jpg,2,neutral,CHINESE
neutral_cn_51.jpg,2,neutral,CHINESE
neutral_cn_52.jpg,2,neutral,CHINESE
neutral_cn_53.jpg,2,neutral,CHINESE
neutral_cn_54.jpg,2,neutral,CHINESE
neutral_cn_55.jpg,2,neutral,CHINESE
neutral_cn_56.jpg,2,neutral,CHINESE
neutral_cn_57.jpg,2,neutral,CHINESE
neutral_cn_58.jpg,2,neutral,CHINESE
neutral_cn_59.jpg,2,neutral,CHINESE
neutral_cn_6.jpg,2,neutral,CHINESE
neutral_cn_60.jpg,2,neutral,CHINESE
neutral_cn_61.jpg,2,neutral,CHINESE
neutral_cn_62.jpg,2,neutral,CHINESE
neutral_cn_63.jpg,2,neutral,CHINESE
neutral_cn_64.jpg,2,neutral,CHINESE
neutral_cn_65.jpg,2,neutral,CHINESE
neutral_cn_66.jpg,2,neutral,CHINESE
neutral_cn_67.jpg,2,neutral,CHINESE
neutral_cn_68.jpg,2,neutral,CHINESE
neutral_cn_69.jpg,2,neutral,CHINESE
neutral_cn_7.jpg,2,neutral,CHINESE
neutral_cn_70.jpg,2,neutral,CHINESE
neutral_cn_71.jpg,2,neutral,CHINESE
neutral_cn_72.jpg,2,neutral,CHINESE
neutral_cn_73.jpg,2,neutral,CHINESE
neutral_cn_74.jpg,2,neutral,CHINESE
neutral_cn_75.jpg,2,neutral,CHINESE
neutral_cn_76.jpg,2,neutral,CHINESE
neutral_cn_77.jpg,2,neutral,CHINESE
neutral_cn_78.jpg,2,neutral,CHINESE
neutral_cn_79.jpg,2,neutral,CHINESE
neutral_cn_8.jpg,2,neutral,CHINESE
neutral_cn_80.jpg,2,neutral,CHINESE
neutral_cn_81.jpg,2,neutral,CHINESE
neutral_cn_82.jpg,2,neutral,CHINESE
neutral_cn_83.jpg,2,neutral,CHINESE
neutral_cn_84.jpg,2,neutral,CHINESE
neutral_cn_85.jpg,2,neutral,CHINESE
neutral_cn_86.jpg,2,neutral,CHINESE
neutral_cn_87.jpg,2,neutral,CHINESE
neutral_cn_88.jpg,2,neutral,CHINESE
neutral_cn_89.jpg,2,neutral,CHINESE
neutral_cn_9.jpg,2,neutral,CHINESE
neutral_cn_90.jpg,2,neutral,CHINESE
neutral_cn_91.jpg,2,neutral,CHINESE
neutral_cn_92.jpg,2,neutral,CHINESE
neutral_cn_93.jpg,2,neutral,CHINESE
neutral_cn_94.jpg,2,neutral,CHINESE
neutral_cn_95.jpg,2,neutral,CHINESE
neutral_cn_96.jpg,2,neutral,CHINESE
neutral_cn_97.jpg,2,neutral,CHINESE
neutral_cn_98.jpg,2,neutral,CHINESE
neutral_cn_99.jpg,2,neutral,CHINESE
sad_cn_1.jpg,3,sad,CHINESE
sad_cn_10.jpg,3,sad,CHINESE
sad_cn_100.jpg,3,sad,CHINESE
sad_cn_101.jpg,3,sad,CHINESE
sad_cn_102.jpg,3,sad,CHINESE
sad_cn_103.jpg,3,sad,CHINESE
sad_cn_104.jpg,3,sad,CHINESE
sad_cn_105.jpg,3,sad,CHINESE
sad_cn_106.jpg,3,sad,CHINESE
sad_cn_107.jpg,3,sad,CHINESE
sad_cn_108.jpg,3,sad,CHINESE
sad_cn_109.jpg,3,sad,CHINESE
sad_cn_11.jpg,3,sad,CHINESE
sad_cn_110.jpg,3,sad,CHINESE
sad_cn_111.jpg,3,sad,CHINESE
sad_cn_112.jpg,3,sad,CHINESE
sad_cn_113.jpg,3,sad,CHINESE
sad_cn_114.jpg,3,sad,CHINESE
sad_cn_115.jpg,3,sad,CHINESE
sad_cn_116.jpg,3,sad,CHINESE
sad_cn_117.jpg,3,sad,CHINESE
sad_cn_118.jpg,3,sad,CHINESE
sad_cn_119.jpg,3,sad,CHINESE
sad_cn_12.jpg,3,sad,CHINESE
sad_cn_120.jpg,3,sad,CHINESE
sad_cn_121.jpg,3,sad,CHINESE
sad_cn_122.jpg,3,sad,CHINESE
sad_cn_123.jpg,3,sad,CHINESE
sad_cn_124.jpg,3,sad,CHINESE
sad_cn_125.jpg,3,sad,CHINESE
sad_cn_126.jpg,3,sad,CHINESE
sad_cn_127.jpg,3,sad,CHINESE
sad_cn_128.jpg,3,sad,CHINESE
sad_cn_129.jpg,3,sad,CHINESE
sad_cn_13.jpg,3,sad,CHINESE
sad_cn_130.jpg,3,sad,CHINESE
sad_cn_131.jpg,3,sad,CHINESE
sad_cn_132.jpg,3,sad,CHINESE
sad_cn_133.jpg,3,sad,CHINESE
sad_cn_134.jpg,3,sad,CHINESE
sad_cn_135.jpg,3,sad,CHINESE
sad_cn_136.jpg,3,sad,CHINESE
sad_cn_137.jpg,3,sad,CHINESE
sad_cn_138.jpg,3,sad,CHINESE
sad_cn_139.jpg,3,sad,CHINESE
sad_cn_14.jpg,3,sad,CHINESE
sad_cn_140.jpg,3,sad,CHINESE
sad_cn_141.jpg,3,sad,CHINESE
sad_cn_142.jpg,3,sad,CHINESE
sad_cn_143.jpg,3,sad,CHINESE
sad_cn_144.jpg,3,sad,CHINESE
sad_cn_145.jpg,3,sad,CHINESE
sad_cn_146.jpg,3,sad,CHINESE
sad_cn_147.jpg,3,sad,CHINESE
sad_cn_148.jpg,3,sad,CHINESE
sad_cn_149.jpg,3,sad,CHINESE
sad_cn_15.jpg,3,sad,CHINESE
sad_cn_150.jpg,3,sad,CHINESE
sad_cn_151.jpg,3,sad,CHINESE
sad_cn_152.jpg,3,sad,CHINESE
sad_cn_153.jpg,3,sad,CHINESE
sad_cn_154.jpg,3,sad,CHINESE
sad_cn_155.jpg,3,sad,CHINESE
sad_cn_156.jpg,3,sad,CHINESE
sad_cn_157.jpg,3,sad,CHINESE
sad_cn_158.jpg,3,sad,CHINESE
sad_cn_159.jpg,3,sad,CHINESE
sad_cn_16.jpg,3,sad,CHINESE
sad_cn_160.jpg,3,sad,CHINESE
sad_cn_161.jpg,3,sad,CHINESE
sad_cn_162.jpg,3,sad,CHINESE
sad_cn_163.jpg,3,sad,CHINESE
sad_cn_164.jpg,3,sad,CHINESE
sad_cn_165.jpg,3,sad,CHINESE
sad_cn_166.jpg,3,sad,CHINESE
sad_cn_167.jpg,3,sad,CHINESE
sad_cn_168.jpg,3,sad,CHINESE
sad_cn_169.jpg,3,sad,CHINESE
sad_cn_17.jpg,3,sad,CHINESE
sad_cn_170.jpg,3,sad,CHINESE
sad_cn_171.jpg,3,sad,CHINESE
sad_cn_172.jpg,3,sad,CHINESE
sad_cn_173.jpg,3,sad,CHINESE
sad_cn_174.jpg,3,sad,CHINESE
sad_cn_175.jpg,3,sad,CHINESE
sad_cn_176.jpg,3,sad,CHINESE
sad_cn_177.jpg,3,sad,CHINESE
sad_cn_178.jpg,3,sad,CHINESE
sad_cn_179.jpg,3,sad,CHINESE
sad_cn_18.jpg,3,sad,CHINESE
sad_cn_180.jpg,3,sad,CHINESE
sad_cn_181.jpg,3,sad,CHINESE
sad_cn_182.jpg,3,sad,CHINESE
sad_cn_183.jpg,3,sad,CHINESE
sad_cn_184.jpg,3,sad,CHINESE
sad_cn_185.jpg,3,sad,CHINESE
sad_cn_186.jpg,3,sad,CHINESE
sad_cn_187.jpg,3,sad,CHINESE
sad_cn_188.jpg,3,sad,CHINESE
sad_cn_189.jpg,3,sad,CHINESE
sad_cn_19.jpg,3,sad,CHINESE
sad_cn_190.jpg,3,sad,CHINESE
sad_cn_191.jpg,3,sad,CHINESE
sad_cn_192.jpg,3,sad,CHINESE
sad_cn_193.jpg,3,sad,CHINESE
sad_cn_194.jpg,3,sad,CHINESE
sad_cn_195.jpg,3,sad,CHINESE
sad_cn_196.jpg,3,sad,CHINESE
sad_cn_197.jpg,3,sad,CHINESE
sad_cn_198.jpg,3,sad,CHINESE
sad_cn_199.jpg,3,sad,CHINESE
sad_cn_2.jpg,3,sad,CHINESE
sad_cn_20.jpg,3,sad,CHINESE
sad_cn_200.jpg,3,sad,CHINESE
sad_cn_201.jpg,3,sad,CHINESE
sad_cn_202.jpg,3,sad,CHINESE
sad_cn_203.jpg,3,sad,CHINESE
sad_cn_204.jpg,3,sad,CHINESE
sad_cn_205.jpg,3,sad,CHINESE
sad_cn_206.jpg,3,sad,CHINESE
sad_cn_207.jpg,3,sad,CHINESE
sad_cn_208.jpg,3,sad,CHINESE
sad_cn_209.jpg,3,sad,CHINESE
sad_cn_21.jpg,3,sad,CHINESE
sad_cn_210.jpg,3,sad,CHINESE
sad_cn_211.jpg,3,sad,CHINESE
sad_cn_212.jpg,3,sad,CHINESE
sad_cn_213.jpg,3,sad,CHINESE
sad_cn_214.jpg,3,sad,CHINESE
sad_cn_215.jpg,3,sad,CHINESE
sad_cn_216.jpg,3,sad,CHINESE
sad_cn_217.jpg,3,sad,CHINESE
sad_cn_218.jpg,3,sad,CHINESE
sad_cn_219.jpg,3,sad,CHINESE
sad_cn_22.jpg,3,sad,CHINESE
sad_cn_220.jpg,3,sad,CHINESE
sad_cn_221.jpg,3,sad,CHINESE
sad_cn_222.jpg,3,sad,CHINESE
sad_cn_223.jpg,3,sad,CHINESE
sad_cn_224.jpg,3,sad,CHINESE
sad_cn_225.jpg,3,sad,CHINESE
sad_cn_226.jpg,3,sad,CHINESE
sad_cn_227.jpg,3,sad,CHINESE
sad_cn_228.jpg,3,sad,CHINESE
sad_cn_229.jpg,3,sad,CHINESE
sad_cn_23.jpg,3,sad,CHINESE
sad_cn_230.jpg,3,sad,CHINESE
sad_cn_231.jpg,3,sad,CHINESE
sad_cn_232.jpg,3,sad,CHINESE
sad_cn_233.jpg,3,sad,CHINESE
sad_cn_234.jpg,3,sad,CHINESE
sad_cn_235.jpg,3,sad,CHINESE
sad_cn_236.jpg,3,sad,CHINESE
sad_cn_237.jpg,3,sad,CHINESE
sad_cn_238.jpg,3,sad,CHINESE
sad_cn_239.jpg,3,sad,CHINESE
sad_cn_24.jpg,3,sad,CHINESE
sad_cn_240.jpg,3,sad,CHINESE
sad_cn_241.jpg,3,sad,CHINESE
sad_cn_242.jpg,3,sad,CHINESE
sad_cn_243.jpg,3,sad,CHINESE
sad_cn_244.jpg,3,sad,CHINESE
sad_cn_245.jpg,3,sad,CHINESE
sad_cn_246.jpg,3,sad,CHINESE
sad_cn_247.jpg,3,sad,CHINESE
sad_cn_248.jpg,3,sad,CHINESE
sad_cn_249.jpg,3,sad,CHINESE
sad_cn_25.jpg,3,sad,CHINESE
sad_cn_250.jpg,3,sad,CHINESE
sad_cn_251.jpg,3,sad,CHINESE
sad_cn_252.jpg,3,sad,CHINESE
sad_cn_253.jpg,3,sad,CHINESE
sad_cn_254.jpg,3,sad,CHINESE
sad_cn_255.jpg,3,sad,CHINESE
sad_cn_256.jpg,3,sad,CHINESE
sad_cn_257.jpg,3,sad,CHINESE
sad_cn_258.jpg,3,sad,CHINESE
sad_cn_259.jpg,3,sad,CHINESE
sad_cn_26.jpg,3,sad,CHINESE
sad_cn_260.jpg,3,sad,CHINESE
sad_cn_261.jpg,3,sad,CHINESE
sad_cn_262.jpg,3,sad,CHINESE
sad_cn_263.jpg,3,sad,CHINESE
sad_cn_264.jpg,3,sad,CHINESE
sad_cn_265.jpg,3,sad,CHINESE
sad_cn_266.jpg,3,sad,CHINESE
sad_cn_267.jpg,3,sad,CHINESE
sad_cn_268.jpg,3,sad,CHINESE
sad_cn_269.jpg,3,sad,CHINESE
sad_cn_27.jpg,3,sad,CHINESE
sad_cn_270.jpg,3,sad,CHINESE
sad_cn_271.jpg,3,sad,CHINESE
sad_cn_272.jpg,3,sad,CHINESE
sad_cn_273.jpg,3,sad,CHINESE
sad_cn_274.jpg,3,sad,CHINESE
sad_cn_275.jpg,3,sad,CHINESE
sad_cn_276.jpg,3,sad,CHINESE
sad_cn_277.jpg,3,sad,CHINESE
sad_cn_278.jpg,3,sad,CHINESE
sad_cn_279.jpg,3,sad,CHINESE
sad_cn_28.jpg,3,sad,CHINESE
sad_cn_280.jpg,3,sad,CHINESE
sad_cn_281.jpg,3,sad,CHINESE
sad_cn_282.jpg,3,sad,CHINESE
sad_cn_283.jpg,3,sad,CHINESE
sad_cn_284.jpg,3,sad,CHINESE
sad_cn_285.jpg,3,sad,CHINESE
sad_cn_286.jpg,3,sad,CHINESE
sad_cn_287.jpg,3,sad,CHINESE
sad_cn_288.jpg,3,sad,CHINESE
sad_cn_289.jpg,3,sad,CHINESE
sad_cn_29.jpg,3,sad,CHINESE
sad_cn_290.jpg,3,sad,CHINESE
sad_cn_291.jpg,3,sad,CHINESE
sad_cn_292.jpg,3,sad,CHINESE
sad_cn_293.jpg,3,sad,CHINESE
sad_cn_294.jpg,3,sad,CHINESE
sad_cn_295.jpg,3,sad,CHINESE
sad_cn_296.jpg,3,sad,CHINESE
sad_cn_297.jpg,3,sad,CHINESE
sad_cn_298.jpg,3,sad,CHINESE
sad_cn_299.jpg,3,sad,CHINESE
sad_cn_3.jpg,3,sad,CHINESE
sad_cn_30.jpg,3,sad,CHINESE
sad_cn_300.jpg,3,sad,CHINESE
sad_cn_301.jpg,3,sad,CHINESE
sad_cn_302.jpg,3,sad,CHINESE
sad_cn_303.jpg,3,sad,CHINESE
sad_cn_304.jpg,3,sad,CHINESE
sad_cn_305.jpg,3,sad,CHINESE
sad_cn_306.jpg,3,sad,CHINESE
sad_cn_307.jpg,3,sad,CHINESE
sad_cn_31.jpg,3,sad,CHINESE
sad_cn_32.jpg,3,sad,CHINESE
sad_cn_33.jpg,3,sad,CHINESE
sad_cn_34.jpg,3,sad,CHINESE
sad_cn_35.jpg,3,sad,CHINESE
sad_cn_36.jpg,3,sad,CHINESE
sad_cn_37.jpg,3,sad,CHINESE
sad_cn_38.jpg,3,sad,CHINESE
sad_cn_39.jpg,3,sad,CHINESE
sad_cn_4.jpg,3,sad,CHINESE
sad_cn_40.jpg,3,sad,CHINESE
sad_cn_41.jpg,3,sad,CHINESE
sad_cn_42.jpg,3,sad,CHINESE
sad_cn_43.jpg,3,sad,CHINESE
sad_cn_44.jpg,3,sad,CHINESE
sad_cn_45.jpg,3,sad,CHINESE
sad_cn_46.jpg,3,sad,CHINESE
sad_cn_47.jpg,3,sad,CHINESE
sad_cn_48.jpg,3,sad,CHINESE
sad_cn_49.jpg,3,sad,CHINESE
sad_cn_5.jpg,3,sad,CHINESE
sad_cn_50.jpg,3,sad,CHINESE
sad_cn_51.jpg,3,sad,CHINESE
sad_cn_52.jpg,3,sad,CHINESE
sad_cn_53.jpg,3,sad,CHINESE
sad_cn_54.jpg,3,sad,CHINESE
sad_cn_55.jpg,3,sad,CHINESE
sad_cn_56.jpg,3,sad,CHINESE
sad_cn_57.jpg,3,sad,CHINESE
sad_cn_58.jpg,3,sad,CHINESE
sad_cn_59.jpg,3,sad,CHINESE
sad_cn_6.jpg,3,sad,CHINESE
sad_cn_60.jpg,3,sad,CHINESE
sad_cn_61.jpg,3,sad,CHINESE
sad_cn_62.jpg,3,sad,CHINESE
sad_cn_63.jpg,3,sad,CHINESE
sad_cn_64.jpg,3,sad,CHINESE
sad_cn_65.jpg,3,sad,CHINESE
sad_cn_66.jpg,3,sad,CHINESE
sad_cn_67.jpg,3,sad,CHINESE
sad_cn_68.jpg,3,sad,CHINESE
sad_cn_69.jpg,3,sad,CHINESE
sad_cn_7.jpg,3,sad,CHINESE
sad_cn_70.jpg,3,sad,CHINESE
sad_cn_71.jpg,3,sad,CHINESE
sad_cn_72.jpg,3,sad,CHINESE
sad_cn_73.jpg,3,sad,CHINESE
sad_cn_74.jpg,3,sad,CHINESE
sad_cn_75.jpg,3,sad,CHINESE
sad_cn_76.jpg,3,sad,CHINESE
sad_cn_77.jpg,3,sad,CHINESE
sad_cn_78.jpg,3,sad,CHINESE
sad_cn_79.jpg,3,sad,CHINESE
sad_cn_8.jpg,3,sad,CHINESE
sad_cn_80.jpg,3,sad,CHINESE
sad_cn_81.jpg,3,sad,CHINESE
sad_cn_82.jpg,3,sad,CHINESE
sad_cn_83.jpg,3,sad,CHINESE
sad_cn_84.jpg,3,sad,CHINESE
sad_cn_85.jpg,3,sad,CHINESE
sad_cn_86.jpg,3,sad,CHINESE
sad_cn_87.jpg,3,sad,CHINESE
sad_cn_88.jpg,3,sad,CHINESE
sad_cn_89.jpg,3,sad,CHINESE
sad_cn_9.jpg,3,sad,CHINESE
sad_cn_90.jpg,3,sad,CHINESE
sad_cn_91.jpg,3,sad,CHINESE
sad_cn_92.jpg,3,sad,CHINESE
sad_cn_93.jpg,3,sad,CHINESE
sad_cn_94.jpg,3,sad,CHINESE
sad_cn_95.jpg,3,sad,CHINESE
sad_cn_96.jpg,3,sad,CHINESE
sad_cn_97.jpg,3,sad,CHINESE
sad_cn_98.jpg,3,sad,CHINESE
sad_cn_99.jpg,3,sad,CHINESE
